User_ID,Age,Gender
User_0,50,Female
User_1,20,Male
User_2,41,Male
User_3,21,Male
User_4,37,Female
User_5,28,Female
User_6,40,Male
User_7,64,Male
User_8,41,Female
User_9,28,Female
User_10,30,Female
User_11,26,Male
User_12,27,Male
User_13,20,Male
User_14,18,Male
User_15,28,Female
User_16,36,Female
User_17,59,Male
User_18,25,Male
User_19,40,Male
User_20,23,Male
User_21,37,Male
User_22,50,Male
User_23,51,Male
User_24,54,Female
User_25,50,Female
User_26,47,Male
User_27,44,Female
User_28,26,Female
User_29,52,Female
User_30,45,Male
User_31,62,Male
User_32,25,Male
User_33,25,Male
User_34,46,Female
User_35,32,Female
User_36,62,Female
User_37,57,Male
User_38,27,Female
User_39,56,Male
User_40,19,Male
User_41,63,Female
User_42,21,Male
User_43,27,Male
User_44,44,Female
User_45,36,Female
User_46,46,Female
User_47,26,Female
User_48,33,Male
User_49,55,Male
User_50,48,Male
User_51,22,Male
User_52,30,Female
User_53,52,Male
User_54,45,Male
User_55,50,Male
User_56,28,Male
User_57,59,Male
User_58,49,Male
User_59,26,Male
User_60,41,Female
User_61,30,Female
User_62,46,Male
User_63,18,Male
User_64,43,Female
User_65,29,Male
User_66,64,Male
User_67,56,Female
User_68,39,Female
User_69,37,Female
User_70,38,Female
User_71,44,Female
User_72,54,Male
User_73,50,Male
User_74,33,Male
User_75,45,Male
User_76,30,Male
User_77,22,Male
User_78,53,Male
User_79,63,Female
User_80,59,Male
User_81,35,Female
User_82,36,Male
User_83,39,Male
User_84,64,Female
User_85,33,Male
User_86,22,Male
User_87,55,Male
User_88,21,Male
User_89,35,Female
User_90,42,Female
User_91,46,Female
User_92,50,Female
User_93,55,Male
User_94,61,Female
User_95,33,Female
User_96,52,Male
User_97,31,Male
User_98,35,Male
User_99,31,Female
User_100,28,Female
User_101,22,Female
User_102,44,Male
User_103,61,Male
User_104,40,Female
User_105,24,Female
User_106,21,Female
User_107,45,Female
User_108,53,Female
User_109,43,Male
User_110,64,Male
User_111,47,Female
User_112,26,Female
User_113,29,Female
User_114,25,Female
User_115,60,Male
User_116,42,Male
User_117,38,Male
User_118,42,Female
User_119,61,Female
User_120,25,Female
User_121,48,Male
User_122,39,Female
User_123,61,Male
User_124,64,Male
User_125,39,Female
User_126,46,Female
User_127,43,Female
User_128,38,Male
User_129,63,Male
User_130,59,Female
User_131,48,Male
User_132,47,Female
User_133,42,Male
User_134,34,Female
User_135,57,Male
User_136,51,Male
User_137,31,Male
User_138,62,Female
User_139,27,Female
User_140,53,Female
User_141,28,Female
User_142,36,Male
User_143,30,Female
User_144,19,Female
User_145,38,Female
User_146,28,Female
User_147,44,Female
User_148,33,Male
User_149,24,Female
User_150,38,Male
User_151,61,Male
User_152,48,Female
User_153,54,Male
User_154,32,Male
User_155,64,Male
User_156,59,Male
User_157,55,Female
User_158,60,Male
User_159,51,Female
User_160,27,Male
User_161,34,Male
User_162,20,Female
User_163,57,Female
User_164,58,Female
User_165,43,Male
User_166,35,Male
User_167,41,Male
User_168,39,Female
User_169,61,Male
User_170,61,Female
User_171,45,Female
User_172,21,Male
User_173,44,Female
User_174,36,Female
User_175,25,Male
User_176,52,Male
User_177,63,Male
User_178,25,Female
User_179,45,Male
User_180,60,Female
User_181,46,Male
User_182,64,Female
User_183,40,Female
User_184,35,Male
User_185,32,Female
User_186,43,Female
User_187,46,Female
User_188,44,Male
User_189,29,Female
User_190,41,Female
User_191,41,Male
User_192,45,Female
User_193,59,Male
User_194,37,Male
User_195,38,Male
User_196,50,Male
User_197,37,Female
User_198,42,Female
User_199,53,Female
User_200,32,Female
User_201,39,Female
User_202,44,Female
User_203,39,Female
User_204,39,Male
User_205,25,Male
User_206,19,Male
User_207,59,Male
User_208,54,Male
User_209,28,Female
User_210,26,Female
User_211,53,Female
User_212,36,Male
User_213,60,Male
User_214,46,Female
User_215,62,Male
User_216,45,Female
User_217,18,Male
User_218,46,Female
User_219,55,Male
User_220,46,Male
User_221,52,Female
User_222,57,Male
User_223,57,Female
User_224,61,Male
User_225,21,Male
User_226,34,Female
User_227,18,Male
User_228,40,Male
User_229,63,Female
User_230,61,Male
User_231,23,Female
User_232,56,Male
User_233,42,Male
User_234,59,Male
User_235,26,Female
User_236,24,Male
User_237,52,Male
User_238,18,Female
User_239,32,Female
User_240,29,Female
User_241,33,Female
User_242,51,Male
User_243,29,Female
User_244,62,Male
User_245,57,Male
User_246,41,Male
User_247,19,Female
User_248,56,Male
User_249,59,Female
User_250,64,Female
User_251,63,Female
User_252,24,Female
User_253,36,Male
User_254,39,Female
User_255,63,Male
User_256,24,Male
User_257,26,Male
User_258,38,Male
User_259,47,Male
User_260,58,Female
User_261,41,Male
User_262,63,Female
User_263,26,Female
User_264,39,Male
User_265,64,Male
User_266,44,Female
User_267,48,Female
User_268,21,Male
User_269,59,Female
User_270,56,Female
User_271,33,Female
User_272,40,Female
User_273,20,Male
User_274,41,Male
User_275,24,Male
User_276,56,Male
User_277,64,Female
User_278,22,Male
User_279,28,Female
User_280,62,Female
User_281,63,Female
User_282,49,Female
User_283,33,Female
User_284,27,Male
User_285,55,Male
User_286,36,Female
User_287,52,Female
User_288,32,Female
User_289,35,Male
User_290,26,Male
User_291,55,Female
User_292,44,Female
User_293,48,Male
User_294,48,Female
User_295,45,Female
User_296,20,Female
User_297,63,Female
User_298,61,Male
User_299,57,Female
User_300,43,Male
User_301,59,Male
User_302,19,Male
User_303,44,Male
User_304,50,Male
User_305,42,Female
User_306,32,Female
User_307,24,Male
User_308,40,Female
User_309,22,Female
User_310,53,Male
User_311,64,Male
User_312,51,Male
User_313,21,Male
User_314,27,Male
User_315,30,Female
User_316,48,Male
User_317,41,Male
User_318,56,Male
User_319,19,Male
User_320,55,Female
User_321,55,Male
User_322,34,Female
User_323,53,Female
User_324,58,Male
User_325,57,Male
User_326,47,Male
User_327,54,Female
User_328,49,Male
User_329,60,Male
User_330,47,Female
User_331,57,Female
User_332,56,Female
User_333,24,Male
User_334,54,Female
User_335,36,Male
User_336,49,Male
User_337,61,Male
User_338,51,Male
User_339,43,Female
User_340,28,Female
User_341,64,Female
User_342,55,Male
User_343,36,Female
User_344,54,Female
User_345,64,Female
User_346,40,Female
User_347,53,Male
User_348,21,Male
User_349,26,Male
User_350,36,Female
User_351,39,Female
User_352,46,Male
User_353,52,Male
User_354,53,Female
User_355,60,Male
User_356,58,Male
User_357,25,Female
User_358,52,Male
User_359,46,Female
User_360,31,Male
User_361,38,Female
User_362,23,Male
User_363,64,Female
User_364,40,Male
User_365,48,Female
User_366,30,Male
User_367,63,Female
User_368,40,Male
User_369,37,Female
User_370,60,Male
User_371,35,Female
User_372,52,Female
User_373,19,Female
User_374,64,Female
User_375,18,Male
User_376,18,Male
User_377,62,Female
User_378,41,Female
User_379,53,Male
User_380,59,Female
User_381,40,Female
User_382,27,Male
User_383,22,Male
User_384,51,Male
User_385,23,Female
User_386,39,Male
User_387,43,Male
User_388,38,Female
User_389,23,Female
User_390,33,Female
User_391,47,Male
User_392,57,Male
User_393,57,Male
User_394,32,Female
User_395,63,Male
User_396,47,Female
User_397,42,Female
User_398,53,Male
User_399,23,Male
User_400,44,Male
User_401,40,Male
User_402,49,Male
User_403,18,Female
User_404,25,Female
User_405,57,Male
User_406,38,Female
User_407,24,Female
User_408,44,Female
User_409,52,Female
User_410,33,Male
User_411,27,Female
User_412,36,Female
User_413,24,Female
User_414,28,Male
User_415,21,Male
User_416,41,Male
User_417,54,Male
User_418,30,Female
User_419,24,Female
User_420,37,Male
User_421,42,Male
User_422,42,Male
User_423,46,Male
User_424,57,Female
User_425,18,Male
User_426,44,Male
User_427,18,Female
User_428,48,Female
User_429,32,Female
User_430,23,Female
User_431,38,Male
User_432,24,Female
User_433,40,Male
User_434,45,Female
User_435,28,Male
User_436,46,Male
User_437,25,Female
User_438,29,Female
User_439,29,Female
User_440,53,Female
User_441,46,Male
User_442,52,Male
User_443,28,Female
User_444,61,Male
User_445,42,Male
User_446,45,Male
User_447,47,Male
User_448,30,Female
User_449,32,Male
User_450,48,Male
User_451,55,Female
User_452,35,Male
User_453,50,Male
User_454,31,Male
User_455,44,Male
User_456,37,Male
User_457,26,Male
User_458,32,Female
User_459,31,Female
User_460,45,Male
User_461,45,Male
User_462,22,Female
User_463,53,Female
User_464,22,Male
User_465,38,Male
User_466,58,Male
User_467,57,Male
User_468,47,Female
User_469,20,Female
User_470,22,Male
User_471,39,Male
User_472,30,Female
User_473,47,Female
User_474,30,Male
User_475,46,Male
User_476,38,Male
User_477,34,Female
User_478,38,Male
User_479,24,Male
User_480,55,Male
User_481,22,Male
User_482,55,Male
User_483,49,Female
User_484,56,Female
User_485,50,Male
User_486,46,Male
User_487,35,Male
User_488,54,Female
User_489,35,Female
User_490,42,Female
User_491,28,Female
User_492,52,Male
User_493,32,Male
User_494,23,Female
User_495,55,Female
User_496,26,Female
User_497,61,Female
User_498,40,Male
User_499,45,Female
User_500,46,Male
User_501,49,Male
User_502,35,Female
User_503,61,Female
User_504,63,Male
User_505,32,Male
User_506,50,Female
User_507,31,Male
User_508,49,Female
User_509,34,Female
User_510,44,Male
User_511,25,Male
User_512,32,Male
User_513,41,Male
User_514,46,Female
User_515,26,Female
User_516,28,Male
User_517,63,Male
User_518,52,Male
User_519,44,Male
User_520,40,Male
User_521,24,Male
User_522,51,Male
User_523,20,Male
User_524,58,Male
User_525,34,Female
User_526,32,Male
User_527,35,Male
User_528,26,Female
User_529,56,Female
User_530,35,Male
User_531,50,Female
User_532,51,Female
User_533,22,Male
User_534,43,Female
User_535,42,Female
User_536,24,Female
User_537,53,Male
User_538,42,Male
User_539,28,Male
User_540,58,Male
User_541,41,Female
User_542,33,Female
User_543,40,Male
User_544,56,Male
User_545,37,Male
User_546,18,Male
User_547,19,Male
User_548,52,Female
User_549,32,Male
User_550,37,Female
User_551,48,Female
User_552,46,Female
User_553,44,Male
User_554,59,Male
User_555,42,Female
User_556,28,Male
User_557,51,Female
User_558,53,Female
User_559,23,Male
User_560,44,Male
User_561,45,Male
User_562,42,Male
User_563,28,Male
User_564,19,Female
User_565,48,Female
User_566,29,Female
User_567,41,Male
User_568,55,Male
User_569,22,Male
User_570,59,Male
User_571,50,Female
User_572,49,Female
User_573,53,Female
User_574,55,Female
User_575,44,Female
User_576,27,Male
User_577,23,Female
User_578,31,Female
User_579,31,Male
User_580,60,Male
User_581,45,Male
User_582,61,Male
User_583,46,Male
User_584,27,Female
User_585,18,Male
User_586,35,Male
User_587,24,Female
User_588,27,Male
User_589,31,Female
User_590,58,Male
User_591,40,Female
User_592,54,Female
User_593,53,Female
User_594,32,Male
User_595,42,Male
User_596,20,Female
User_597,40,Male
User_598,40,Female
User_599,48,Female
User_600,62,Male
User_601,54,Male
User_602,18,Male
User_603,32,Male
User_604,26,Female
User_605,45,Male
User_606,59,Male
User_607,23,Male
User_608,27,Female
User_609,29,Male
User_610,36,Female
User_611,38,Male
User_612,42,Female
User_613,45,Female
User_614,51,Male
User_615,31,Male
User_616,20,Female
User_617,31,Female
User_618,34,Male
User_619,31,Female
User_620,64,Female
User_621,25,Female
User_622,41,Female
User_623,34,Male
User_624,48,Female
User_625,53,Male
User_626,25,Male
User_627,53,Male
User_628,51,Male
User_629,49,Female
User_630,46,Female
User_631,52,Male
User_632,53,Female
User_633,37,Female
User_634,47,Female
User_635,19,Male
User_636,60,Female
User_637,36,Male
User_638,43,Female
User_639,44,Male
User_640,27,Male
User_641,38,Male
User_642,36,Female
User_643,57,Female
User_644,25,Female
User_645,56,Male
User_646,62,Male
User_647,54,Male
User_648,20,Male
User_649,37,Female
User_650,32,Female
User_651,34,Female
User_652,21,Male
User_653,50,Female
User_654,33,Female
User_655,50,Female
User_656,44,Male
User_657,39,Female
User_658,56,Male
User_659,50,Female
User_660,60,Male
User_661,52,Male
User_662,44,Female
User_663,37,Male
User_664,48,Male
User_665,19,Male
User_666,41,Female
User_667,29,Female
User_668,33,Male
User_669,33,Male
User_670,60,Female
User_671,32,Female
User_672,21,Male
User_673,28,Male
User_674,35,Male
User_675,58,Male
User_676,51,Male
User_677,39,Female
User_678,64,Female
User_679,53,Male
User_680,20,Female
User_681,63,Female
User_682,40,Female
User_683,54,Female
User_684,41,Female
User_685,45,Female
User_686,61,Female
User_687,20,Male
User_688,57,Female
User_689,59,Female
User_690,62,Male
User_691,51,Female
User_692,57,Male
User_693,43,Male
User_694,21,Male
User_695,18,Male
User_696,38,Male
User_697,33,Male
User_698,40,Male
User_699,19,Female
User_700,34,Female
User_701,59,Male
User_702,53,Female
User_703,61,Male
User_704,19,Male
User_705,51,Female
User_706,51,Female
User_707,60,Female
User_708,26,Male
User_709,61,Female
User_710,49,Male
User_711,32,Female
User_712,44,Female
User_713,33,Male
User_714,22,Female
User_715,58,Male
User_716,30,Female
User_717,50,Female
User_718,40,Male
User_719,50,Male
User_720,44,Male
User_721,23,Male
User_722,30,Female
User_723,60,Male
User_724,47,Female
User_725,60,Male
User_726,47,Male
User_727,28,Female
User_728,47,Female
User_729,21,Female
User_730,27,Male
User_731,22,Female
User_732,59,Female
User_733,29,Female
User_734,54,Male
User_735,34,Male
User_736,19,Male
User_737,58,Female
User_738,28,Female
User_739,40,Male
User_740,19,Female
User_741,55,Female
User_742,41,Female
User_743,32,Male
User_744,47,Male
User_745,36,Male
User_746,44,Female
User_747,50,Female
User_748,31,Male
User_749,56,Male
User_750,47,Male
User_751,55,Male
User_752,47,Male
User_753,47,Male
User_754,36,Female
User_755,22,Male
User_756,38,Female
User_757,48,Male
User_758,18,Male
User_759,50,Female
User_760,45,Male
User_761,32,Female
User_762,48,Male
User_763,29,Male
User_764,52,Male
User_765,49,Male
User_766,59,Male
User_767,31,Male
User_768,57,Female
User_769,47,Female
User_770,50,Male
User_771,50,Female
User_772,43,Male
User_773,33,Female
User_774,42,Female
User_775,43,Male
User_776,32,Male
User_777,32,Male
User_778,57,Female
User_779,54,Female
User_780,30,Male
User_781,46,Female
User_782,53,Female
User_783,29,Male
User_784,26,Male
User_785,49,Male
User_786,56,Male
User_787,38,Female
User_788,31,Male
User_789,37,Female
User_790,37,Female
User_791,24,Female
User_792,27,Female
User_793,36,Female
User_794,51,Female
User_795,44,Female
User_796,24,Female
User_797,31,Female
User_798,45,Female
User_799,46,Female
User_800,53,Male
User_801,28,Male
User_802,32,Female
User_803,48,Female
User_804,21,Female
User_805,49,Male
User_806,24,Female
User_807,32,Male
User_808,34,Male
User_809,63,Male
User_810,55,Female
User_811,30,Female
User_812,26,Female
User_813,20,Male
User_814,33,Female
User_815,38,Male
User_816,58,Male
User_817,62,Female
User_818,19,Male
User_819,62,Male
User_820,42,Male
User_821,34,Male
User_822,56,Male
User_823,25,Male
User_824,39,Male
User_825,41,Female
User_826,54,Female
User_827,32,Male
User_828,61,Female
User_829,24,Male
User_830,55,Male
User_831,54,Female
User_832,34,Female
User_833,54,Female
User_834,30,Female
User_835,53,Female
User_836,32,Female
User_837,30,Male
User_838,53,Female
User_839,55,Male
User_840,63,Female
User_841,60,Female
User_842,24,Female
User_843,46,Female
User_844,39,Male
User_845,38,Male
User_846,40,Female
User_847,38,Female
User_848,22,Male
User_849,42,Male
User_850,59,Male
User_851,64,Male
User_852,29,Male
User_853,43,Male
User_854,24,Female
User_855,20,Male
User_856,28,Female
User_857,40,Male
User_858,47,Female
User_859,62,Female
User_860,18,Male
User_861,28,Male
User_862,19,Female
User_863,60,Male
User_864,29,Male
User_865,47,Male
User_866,32,Female
User_867,51,Male
User_868,30,Male
User_869,23,Male
User_870,57,Male
User_871,53,Male
User_872,22,Female
User_873,51,Female
User_874,63,Male
User_875,61,Male
User_876,56,Female
User_877,28,Male
User_878,26,Male
User_879,46,Female
User_880,24,Male
User_881,34,Female
User_882,43,Female
User_883,39,Female
User_884,52,Female
User_885,33,Male
User_886,21,Male
User_887,50,Female
User_888,58,Male
User_889,49,Male
User_890,28,Male
User_891,35,Male
User_892,49,Male
User_893,39,Male
User_894,50,Male
User_895,41,Female
User_896,33,Male
User_897,56,Male
User_898,61,Male
User_899,64,Male
User_900,41,Male
User_901,35,Male
User_902,52,Male
User_903,47,Female
User_904,38,Male
User_905,51,Male
User_906,57,Female
User_907,64,Male
User_908,20,Female
User_909,49,Female
User_910,61,Male
User_911,31,Female
User_912,55,Female
User_913,26,Male
User_914,23,Male
User_915,55,Female
User_916,46,Male
User_917,20,Male
User_918,61,Female
User_919,44,Female
User_920,58,Male
User_921,58,Male
User_922,22,Female
User_923,46,Male
User_924,32,Female
User_925,33,Female
User_926,32,Female
User_927,39,Female
User_928,52,Female
User_929,19,Male
User_930,56,Female
User_931,55,Female
User_932,62,Male
User_933,59,Female
User_934,55,Male
User_935,50,Female
User_936,30,Female
User_937,22,Female
User_938,23,Female
User_939,52,Male
User_940,49,Male
User_941,32,Male
User_942,35,Male
User_943,21,Male
User_944,23,Female
User_945,37,Female
User_946,36,Male
User_947,38,Male
User_948,38,Male
User_949,33,Female
User_950,39,Female
User_951,27,Male
User_952,19,Male
User_953,57,Male
User_954,23,Female
User_955,49,Female
User_956,53,Female
User_957,61,Female
User_958,20,Female
User_959,49,Male
User_960,49,Female
User_961,42,Male
User_962,23,Female
User_963,23,Female
User_964,24,Male
User_965,29,Female
User_966,25,Male
User_967,63,Male
User_968,48,Male
User_969,25,Male
User_970,57,Female
User_971,43,Male
User_972,19,Female
User_973,60,Male
User_974,44,Male
User_975,38,Male
User_976,64,Female
User_977,47,Female
User_978,62,Female
User_979,18,Male
User_980,58,Female
User_981,55,Male
User_982,62,Female
User_983,61,Female
User_984,41,Male
User_985,29,Male
User_986,42,Male
User_987,55,Male
User_988,23,Female
User_989,18,Male
User_990,50,Female
User_991,36,Female
User_992,49,Male
User_993,54,Female
User_994,59,Female
User_995,38,Male
User_996,26,Female
User_997,64,Female
User_998,50,Male
User_999,49,Male
